Barcode,Sequence,IDs
BC01,AAGAAAGTTGTCGGTGTCTTTGTG,BC01 / RB01  
BC02,TCGATTCCGTTTGTAGTCGTCTGT,BC02 / RB02  
BC03,GAGTCTTGTGTCCCAGTTACCAGG,BC03 / RB03  
BC04,TTCGGATTCTATCGTGTTTCCCTA,BC04 / RB04  
BC05,CTTGTCCAGGGTTTGTGTAACCTT,BC05 / RB05  
BC06,TTCTCGCAAAGGCAGAAAGTAGTC,BC06 / RB06  
BC07,GTGTTACCGTGGGAATGAATCCTT,BC07 / RB07  
BC08,TTCAGGGAACAAACCAAGTTACGT,BC08 / RB08  
BC09,AACTAGGCACAGCGAGTCTTGGTT,BC09 / RB09  
BC10,AAGCGTTGAAACCTTTGTCCTCTC,BC10 / RB10  
BC11,GTTTCATCTATCGGAGGGAATGGA,BC11 / RB11  
BC12,CAGGTAGAAAGAAGCAGAATCGGA,BC12 / RB12  
BC13,AGAACGACTTCCATACTCGTGTGA,BC13 / 16S13 / RB13
BC14,AACGAGTCTCTTGGGACCCATAGA,BC14 / 16S14 / RB14
BC15,AGGTCTACCTCGCTAACACCACTG,BC15 / 16S15 / RB15
BC16,CGTCAACTGACAGTGGTTCGTACT,BC16 / 16S16 / RB16
BC17,ACCCTCCAGGAAAGTACCTCTGAT,BC17 / 16S17 / RB17
BC18,CCAAACCCAACAACCTAGATAGGC,BC18 / 16S18 / RB18
BC19,GTTCCTCGTGCAGTGTCAAGAGAT,BC19 / 16S19 / RB19
BC20,TTGCGTCCTGTTACGAGAACTCAT,BC20 / 16S20 / RB20
BC21,GAGCCTCTCATTGTCCGTTCTCTA,BC21 / 16S21 / RB21
BC22,ACCACTGCCATGTATCAAAGTACG,BC22 / 16S22 / RB22
BC23,CTTACTACCCAGTGAACCTCCTCG,BC23 / 16S23 / RB23
BC24,GCATAGTTCTGCATGATGGGTTAG,BC24 / 16S24 / RB24
BC25,GTAAGTTGGGTATGCAACGCAATG,BC25 / RB25  
BC26,CATACAGCGACTACGCATTCTCAT,BC26 / RB26  
BC27,CGACGGTTAGATTCACCTCTTACA,BC27 / RB27  
BC28,TGAAACCTAAGAAGGCACCGTATC,BC28 / RB28  
BC29,CTAGACACCTTGGGTTGACAGACC,BC29 / RB29  
BC30,TCAGTGAGGATCTACTTCGACCCA,BC30 / RB30  
BC31,TGCGTACAGCAATCAGTTACATTG,BC31 / RB31  
BC32,CCAGTAGAAGTCCGACAACGTCAT,BC32 / RB32  
BC33,CAGACTTGGTACGGTTGGGTAACT,BC33 / RB33  
BC34,GGACGAAGAACTCAAGTCAAAGGC,BC34 / RB34  
BC35,CTACTTACGAAGCTGAGGGACTGC,BC35 / RB35  
BC36,ATGTCCCAGTTAGAGGAGGAAACA,BC36 / RB36  
BC37,GCTTGCGATTGATGCTTAGTATCA,BC37 / RB37  
BC38,ACCACAGGAGGACGATACAGAGAA,BC38 / RB38  
BC39,CCACAGTGTCAACTAGAGCCTCTC,BC39 / RB39  
BC40,TAGTTTGGATGACCAAGGATAGCC,BC40 / RB40  
BC41,GGAGTTCGTCCAGAGAAGTACACG,BC41 / RB41  
BC42,CTACGTGTAAGGCATACCTGCCAG,BC42 / RB42  
BC43,CTTTCGTTGTTGACTCGACGGTAG,BC43 / RB43  
BC44,AGTAGAAAGGGTTCCTTCCCACTC,BC44 / RB44  
BC45,GATCCAACAGAGATGCCTTCAGTG,BC45 / RB45  
BC46,GCTGTGTTCCACTTCATTCTCCTG,BC46 / RB46  
BC47,GTGCAACTTTCCCACAGGTAGTTC,BC47 / RB47  
BC48,CATCTGGAACGTGGTACACCTGTA,BC48 / RB48  
BC49,ACTGGTGCAGCTTTGAACATCTAG,BC49 / RB49  
BC50,ATGGACTTTGGTAACTTCCTGCGT,BC50 / RB50  
BC51,GTTGAATGAGCCTACTGGGTCCTC,BC51 / RB51  
BC52,TGAGAGACAAGATTGTTCGTGGAC,BC52 / RB52  
BC53,AGATTCAGACCGTCTCATGCAAAG,BC53 / RB53  
BC54,CAAGAGCTTTGACTAAGGAGCATG,BC54 / RB54  
BC55,TGGAAGATGAGACCCTGATCTACG,BC55 / RB55  
BC56,TCACTACTCAACAGGTGGCATGAA,BC56 / RB56  
BC57,GCTAGGTCAATCTCCTTCGGAAGT,BC57 / RB57  
BC58,CAGGTTACTCCTCCGTGAGTCTGA,BC58 / RB58  
BC59,TCAATCAAGAAGGGAAAGCAAGGT,BC59 / RB59  
BC60,CATGTTCAACCAAGGCTTCTATGG,BC60 / RB60  
BC61,AGAGGGTACTATGTGCCTCAGCAC,BC61 / RB61  
BC62,CACCCACACTTACTTCAGGACGTA,BC62 / RB62  
BC63,TTCTGAAGTTCCTGGGTCTTGAAC,BC63 / RB63  
BC64,GACAGACACCGTTCATCGACTTTC,BC64 / RB64  
BC65,TTCTCAGTCTTCCTCCAGACAAGG,BC65 / RB65  
BC66,CCGATCCTTGTGGCTTCTAACTTC,BC66 / RB66  
BC67,GTTTGTCATACTCGTGTGCTCACC,BC67 / RB67  
BC68,GAATCTAAGCAAACACGAAGGTGG,BC68 / RB68  
BC69,TACAGTCCGAGCCTCATGTGATCT,BC69 / RB69  
BC70,ACCGAGATCCTACGAATGGAGTGT,BC70 / RB70  
BC71,CCTGGGAGCATCAGGTAGTAACAG,BC71 / RB71  
BC72,TAGCTGACTGTCTTCCATACCGAC,BC72 / RB72  
BC73,AAGAAACAGGATGACAGAACCCTC,BC73 / RB73  
BC74,TACAAGCATCCCAACACTTCCACT,BC74 / RB74  
BC75,GACCATTGTGATGAACCCTGTTGT,BC75 / RB75  
BC76,ATGCTTGTTACATCAACCCTGGAC,BC76 / RB76  
BC77,CGACCTGTTTCTCAGGGATACAAC,BC77 / RB77  
BC78,AACAACCGAACCTTTGAATCAGAA,BC78 / RB78  
BC79,TCTCGGAGATAGTTCTCACTGCTG,BC79 / RB79  
BC80,CGGATGAACATAGGATAGCGATTC,BC80 / RB80  
BC81,CCTCATCTTGTGAAGTTGTTTCGG,BC81 / RB81  
BC82,ACGGTATGTCGAGTTCCAGGACTA,BC82 / RB82  
BC83,TGGCTTGATCTAGGTAAGGTCGAA,BC83 / RB83  
BC84,GTAGTGGACCTAGAACCTGTGCCA,BC84 / RB84  
BC85,AACGGAGGAGTTAGTTGGATGATC,BC85 / RB85  
BC86,AGGTGATCCCAACAAGCGTAAGTA,BC86 / RB86  
BC87,TACATGCTCCTGTTGTTAGGGAGG,BC87 / RB87  
BC88,TCTTCTACTACCGATCCGAAGCAG,BC88 / RB88  
BC89,ACAGCATCAATGTTTGGCTAGTTG,BC89 / RB89  
BC90,GATGTAGAGGGTACGGTTTGAGGC,BC90 / RB90  
BC91,GGCTCCATAGGAACTCACGCTACT,BC91 / RB91  
BC92,TTGTGAGTGGAAAGATACAGGACC,BC92 / RB92  
BC93,AGTTTCCATCACTTCAGACTTGGG,BC93 / RB93  
BC94,GATTGTCCTCAAACTGCCACCTAC,BC94 / RB94  
BC95,CCTGTCTGGAAGAAGAATGGACTT,BC95 / RB95  
BC96,CTGAACGGTCATAGAGTCCACCAT,BC96 / RB96  